id,tweet,unique_user,screen_name,favorites,retweets,date_time,tagged_tweets
1457227236340293636,Daylight savings is a pretty wild concept and it serves as another reminder that everything is really made up 😭,SteveWallaceSr,Bart Stimson,213190,39529,2021-11-07 06:03:41+00:00,"Daylight PROPN NNP compound 	savings NOUN NNS nsubj 	is AUX VBZ ROOT 	a DET DT det 	pretty ADV RB advmod 	wild ADJ JJ amod 	concept NOUN NN attr 	and CCONJ CC cc 	it PRON PRP nsubj 	serves VERB VBZ conj 	as ADP IN prep 	another DET DT det 	reminder NOUN NN pobj 	that SCONJ IN mark 	everything PRON NN nsubjpass 	is AUX VBZ auxpass 	really ADV RB advmod 	made VERB VBN acl 	up ADP RP prt 	😭 NOUN NN dobj 	
"
1458935246909546510,“I know how you girls like to tussle” is funnyy 😭😭,KaylarWill,Kay,64336,10296,2021-11-11 23:10:43+00:00,"“ PUNCT `` punct 	I PRON PRP nsubj 	know VERB VBP parataxis 	how SCONJ WRB advmod 	you PRON PRP nsubj 	girls VERB VBZ ccomp 	like VERB VBP prep 	to PART TO aux 	tussle VERB VB xcomp 	” PUNCT '' punct 	is AUX VBZ ROOT 	funnyy ADJ JJ amod 	😭 PROPN NNP attr 	😭 NOUN NN attr 	
"
1459229735570096128,I’m the friend you can cancel on. It’s definitely OK. I won’t be mad 😭😩.,AngelictheVirgo,A ✨,69073,20577,2021-11-12 18:40:54+00:00,"I PRON PRP nsubj 	’m VERB VBP ROOT 	the DET DT det 	friend NOUN NN attr 	you PRON PRP nsubj 	can AUX MD aux 	cancel VERB VB relcl 	on ADP IN prep 	. PUNCT . punct 	It PRON PRP nsubj 	’s VERB VBZ ROOT 	definitely ADV RB advmod 	OK ADJ JJ acomp 	. PUNCT . punct 	I PRON PRP nsubj 	wo AUX MD aux 	n’t PART RB neg 	be AUX VB ROOT 	mad ADJ JJ amod 	😭 PROPN NNP compound 	😩 PROPN NNPS attr 	. PUNCT . punct 	
"
1457241535020367879,u know you're traumatized when someone treats you right and you think they are joking😭,HoeIyches,ٰ,37270,11581,2021-11-07 07:00:30+00:00,"u NOUN NN nsubj 	know VERB VBP parataxis 	you PRON PRP nsubj 	're AUX VBP ROOT 	traumatized VERB VBN acomp 	when SCONJ WRB advmod 	someone PRON NN nsubj 	treats VERB VBZ advcl 	you PRON PRP dobj 	right ADV RB ROOT 	and CCONJ CC cc 	you PRON PRP nsubj 	think VERB VBP ROOT 	they PRON PRP nsubj 	are AUX VBP aux 	joking VERB VBG ccomp 	😭 NOUN NN punct 	
"
1457902746284146695,when u tell him to leave u alone and he does 😔😔😔💔💔💔💔💔💔💔💔💔💔💔💔,genmnz,gen ⍤,72701,12337,2021-11-09 02:47:55+00:00,"when SCONJ WRB advmod 	u PROPN NNP nsubj 	tell VERB VB ROOT 	him PRON PRP dobj 	to PART TO aux 	leave VERB VB xcomp 	u NOUN NN dobj 	alone ADV RB advmod 	and CCONJ CC cc 	he PRON PRP nsubj 	does AUX VBZ aux 	😔 VERB VBN conj 	😔 ADJ JJ dative 	😔 NOUN NN dobj 	💔 NOUN NN appos 	💔 NOUN NN nmod 	💔 NOUN NN nmod 	💔 NOUN NN nmod 	💔 NOUN NN nmod 	💔 NOUN NN nmod 	💔 NOUN NN nmod 	💔 NOUN NN nmod 	💔 NOUN NN nmod 	💔 NOUN NN nmod 	💔 NOUN NN dobj 	💔 NOUN NN dobj 	
"
1460040588301058048,I be in my own little world dying laughing 😂,_badassiee,Sie,44721,13439,2021-11-15 00:22:57+00:00,"I PRON PRP nsubj 	be VERB VBP ROOT 	in ADP IN prep 	my PRON PRP$ poss 	own ADJ JJ amod 	little ADJ JJ amod 	world NOUN NN pobj 	dying VERB VBG advcl 	laughing VERB VBG xcomp 	😂 PROPN NNP dobj 	
"
1459575431166898180,confront a man about what he did wrong and watch him make it about you😭😭😭,adaemilyyyy,ae,89325,19296,2021-11-13 17:34:35+00:00,"confront VERB VB ROOT 	a DET DT det 	man NOUN NN dobj 	about ADP IN prep 	what PRON WP dobj 	he PRON PRP nsubj 	did AUX VBD pcomp 	wrong NOUN NN advmod 	and CCONJ CC cc 	watch VERB VB conj 	him PRON PRP nsubj 	make VERB VB ccomp 	it PRON PRP dobj 	about ADP IN prep 	you PRON PRP pobj 	😭 PROPN NNP npadvmod 	😭 PROPN NNP dobj 	😭 NOUN NN dobj 	
"
1458615891927654404,Once she leave you for her own sanity she is not coming back bra 😭😭😭😭😭😭😂😂,_Mickylaaa,#GEMINI😈.,32433,7748,2021-11-11 02:01:43+00:00,"Once SCONJ IN mark 	she PRON PRP nsubj 	leave VERB VBP advcl 	you PRON PRP dobj 	for ADP IN prep 	her PRON PRP$ poss 	own ADJ JJ amod 	sanity NOUN NN pobj 	she PRON PRP nsubj 	is AUX VBZ aux 	not PART RB neg 	coming VERB VBG ROOT 	back ADV RB advmod 	bra NOUN NN npadvmod 	😭 PROPN NNP npadvmod 	😭 PROPN NNP dobj 	😭 PROPN NNP dobj 	😭 NOUN NN poss 	😭 ADJ JJ poss 	😭 ADJ JJ amod 	😂 ADJ JJ compound 	😂 PROPN NNP dobj 	
"
1457832668695973896,Me husband and I decided that we don't want to have children. We're gonna tell them at dinner...  😅🤣😂😅🤣😂,Resister4u,Diane,24981,1864,2021-11-08 22:09:28+00:00,"Me PRON PRP compound 	husband NOUN NN nsubj 	and CCONJ CC cc 	I PRON PRP conj 	decided VERB VBD ROOT 	that SCONJ IN mark 	we PRON PRP nsubj 	do AUX VBP aux 	n't PART RB neg 	want VERB VB ccomp 	to PART TO aux 	have VERB VB xcomp 	children NOUN NNS dobj 	. PUNCT . punct 	We PRON PRP nsubj 	're AUX VBP aux 	gon VERB VBG ROOT 	na PART TO aux 	tell VERB VB xcomp 	them PRON PRP dobj 	at ADP IN prep 	dinner NOUN NN pobj 	... PUNCT : punct 	  SPACE _SP dep 	😅 ADJ JJ amod 	🤣 ADJ JJ amod 	😂 PROPN NNP amod 	😅 ADJ JJ nmod 	🤣 ADJ JJ amod 	😂 PROPN NNP ROOT 	
"
1458947683092246537,see my problem is i think everything funny 😂,tyragabrielleco,ty,32154,10138,2021-11-12 00:00:08+00:00,"see VERB VB ROOT 	my PRON PRP$ poss 	problem NOUN NN nsubj 	is AUX VBZ ccomp 	i PRON PRP nsubj 	think VERB VBP ccomp 	everything PRON NN dobj 	funny ADJ JJ amod 	😂 NOUN NNS appos 	
"
1459226251453890562,"You’re offered $3 billion, but you can never buy/drink alcohol again. Can you do it? 🤔 🤔",Samuelhudson__,Samuel Hudson,50380,3065,2021-11-12 18:27:04+00:00,"You PRON PRP nsubjpass 	’re AUX VBP auxpass 	offered VERB VBN ROOT 	$ SYM $ quantmod 	3 NUM CD compound 	billion NUM CD dobj 	, PUNCT , punct 	but CCONJ CC cc 	you PRON PRP nsubj 	can AUX MD aux 	never ADV RB neg 	buy VERB VB conj 	/ SYM SYM punct 	drink VERB VB dep 	alcohol NOUN NN dobj 	again ADV RB advmod 	. PUNCT . punct 	Can AUX MD aux 	you PRON PRP nsubj 	do VERB VB ROOT 	it PRON PRP dobj 	? PUNCT . punct 	🤔 X ADD punct 	🤔 ADJ JJS ROOT 	
"
1458123872054779906,Real heavy on believing in God’s plan & timing. 🤍😩,_Teajahlashae,225 ✨,58847,22490,2021-11-09 17:26:36+00:00,"Real ADJ JJ advmod 	heavy ADJ JJ ROOT 	on ADP IN prep 	believing VERB VBG pcomp 	in ADP IN prep 	God PROPN NNP poss 	’s PART POS case 	plan NOUN NN pobj 	& CCONJ CC cc 	timing NOUN NN conj 	. PUNCT . punct 	🤍 NOUN NN compound 	😩 NOUN NN ROOT 	
"
1457740671540944898,they be mad at you because THEY messed up the bond with you 😂,iitsestelle_,ʙᴀʟᴅ ᴇ 🤠,63771,19028,2021-11-08 16:03:54+00:00,"they PRON PRP nsubj 	be VERB VBP ROOT 	mad ADJ JJ acomp 	at ADP IN prep 	you PRON PRP pobj 	because SCONJ IN mark 	THEY PRON PRP nsubj 	messed VERB VBD advcl 	up ADP RP prt 	the DET DT det 	bond NOUN NN dobj 	with ADP IN prep 	you PRON PRP pobj 	😂 PROPN NNP dep 	
"
1458834614953385991,Of course vaccines took longer to develop in THE EARLY TO MID 1900S 😭😭😭 Think it through people.,AmandaDannielle,Jezebel's Gem,44194,8433,2021-11-11 16:30:50+00:00,"Of ADV RB advmod 	course ADV RB advmod 	vaccines NOUN NNS nsubj 	took VERB VBD ROOT 	longer ADV RBR advmod 	to PART TO aux 	develop VERB VB xcomp 	in ADP IN prep 	THE DET DT det 	EARLY ADJ JJ pobj 	TO ADP IN prep 	MID PROPN NNP pobj 	1900S PROPN NNP nummod 	😭 PROPN NNP npadvmod 	😭 PROPN NNP dobj 	😭 NOUN NNS dobj 	Think VERB VBP dep 	it PRON PRP dobj 	through ADP IN prep 	people NOUN NNS pobj 	. PUNCT . punct 	
"
1458057581327433728,"Hearing""don't start"" gives me a thrill. Makes me wanna start 😂",Zahra_Naija,Zahra,51703,13148,2021-11-09 13:03:11+00:00,"Hearing""don't ADV RB neg 	start VERB VB nsubj 	"" PUNCT '' punct 	gives VERB VBZ ROOT 	me PRON PRP dative 	a DET DT det 	thrill NOUN NN dobj 	. PUNCT . punct 	Makes VERB VBZ ROOT 	me PRON PRP nsubj 	wanna VERB VB ccomp 	start VERB VB xcomp 	😂 PROPN NNP dobj 	
"
1459525845354176514,ur parents ever told u “u gone understand one day” and then one day u have a moment where u understand 😅😂,KmtfdMina,Seli🍯,141624,26707,2021-11-13 14:17:32+00:00,"ur PROPN NNP compound 	parents NOUN NNS nsubj 	ever ADV RB advmod 	told VERB VBD ROOT 	u NOUN NN dobj 	“ PUNCT `` punct 	u NOUN NN nsubj 	gone VERB VBN ccomp 	understand VERB VB ccomp 	one NUM CD nummod 	day NOUN NN npadvmod 	” PUNCT '' punct 	and CCONJ CC cc 	then ADV RB advmod 	one NUM CD nummod 	day NOUN NN npadvmod 	u NOUN NN nsubj 	have VERB VBP conj 	a DET DT det 	moment NOUN NN dobj 	where SCONJ WRB advmod 	u PROPN NNP nsubj 	understand VERB VB relcl 	😅 ADJ JJ dobj 	😂 NOUN NNS dobj 	
"
1457712276010643456,οnce i started spending my οwn money i realized my mom was right... we do got food at home 😭😭,thebakedgy,ĸ.,244847,45223,2021-11-08 14:11:04+00:00,"οnce NOUN NN npadvmod 	i PRON PRP nsubj 	started VERB VBD relcl 	spending VERB VBG xcomp 	my PRON PRP$ poss 	οwn NOUN NN compound 	money NOUN NN dobj 	i PRON PRP nsubj 	realized VERB VBD ROOT 	my PRON PRP$ poss 	mom NOUN NN nsubj 	was AUX VBD ccomp 	right ADJ JJ acomp 	... PUNCT : punct 	we PRON PRP nsubj 	do AUX VBP aux 	got VERB VBD ROOT 	food NOUN NN dobj 	at ADP IN prep 	home NOUN NN pobj 	😭 PROPN NNP npadvmod 	😭 NOUN NN dobj 	
"
1458752259383304192,I hate dating people with relationship ptsd I’m not your ex😭 my intentions are good,itsjj_ldn,AP,24768,5927,2021-11-11 11:03:35+00:00,"I PRON PRP nsubj 	hate VERB VBP ROOT 	dating VERB VBG xcomp 	people NOUN NNS dobj 	with ADP IN prep 	relationship NOUN NN compound 	ptsd PROPN NNP pobj 	I PRON PRP nsubj 	’m VERB VBP ROOT 	not PART RB neg 	your PRON PRP$ poss 	ex NOUN NN attr 	😭 PROPN NNP attr 	my PRON PRP$ poss 	intentions NOUN NNS nsubj 	are AUX VBP conj 	good ADJ JJ acomp 	
"
1457479327583330306,apparently there is a video of me cursing in tagalog out there 😱 I didn't know   nahihiya ako !! 😱,LilyPichu,lily,47036,2755,2021-11-07 22:45:25+00:00,"apparently ADV RB advmod 	there PRON EX expl 	is VERB VBZ ccomp 	a DET DT det 	video NOUN NN attr 	of ADP IN prep 	me PRON PRP pobj 	cursing VERB VBG acl 	in ADP IN prep 	tagalog NOUN NN pobj 	out ADP RP advmod 	there ADV RB advmod 	😱 NOUN NN attr 	I PRON PRP nsubj 	did AUX VBD aux 	n't PART RB neg 	know VERB VB ROOT 	   SPACE _SP dep 	nahihiya PROPN NNP compound 	ako PROPN NNP dobj 	! PUNCT . punct 	! PUNCT . punct 	😱 VERB VB ROOT 	
"
1459017006267707400,"I'm convinced that ""NOTED"" is a corporate version of saying ""Whatever"" 🌚",thlakane,Sphelele Sibiya,16469,3457,2021-11-12 04:35:36+00:00,"I PRON PRP nsubj 	'm AUX VBP ROOT 	convinced ADJ JJ acomp 	that SCONJ IN mark 	"" PUNCT `` punct 	NOTED VERB VBN nsubj 	"" PUNCT '' punct 	is AUX VBZ ccomp 	a DET DT det 	corporate ADJ JJ amod 	version NOUN NN attr 	of ADP IN prep 	saying VERB VBG pcomp 	"" PUNCT `` punct 	Whatever PROPN NNP ccomp 	"" PUNCT '' punct 	🌚 NOUN NN punct 	
"
1459190148130869256,I can’t believe I used to think I was stressed in high school 😂😂😂😂😂😂😂😂😂😂😂😂😂😂😂😂😂😂😂😂😂😂😂😂😂😂.,wtfjummy,Gracie,235917,49701,2021-11-12 16:03:36+00:00,"I PRON PRP nsubj 	ca AUX MD aux 	n’t PART RB neg 	believe VERB VB ROOT 	I PRON PRP nsubj 	used VERB VBD ccomp 	to PART TO aux 	think VERB VB xcomp 	I PRON PRP nsubjpass 	was AUX VBD auxpass 	stressed VERB VBN ccomp 	in ADP IN prep 	high ADJ JJ amod 	school NOUN NN compound 	😂 PROPN NNP compound 	😂 PROPN NNP compound 	😂 PROPN NNP compound 	😂 ADJ JJ compound 	😂 ADJ JJ compound 	😂 ADJ JJ compound 	😂 ADJ JJ compound 	😂 ADJ JJ compound 	😂 ADJ JJ compound 	😂 ADJ JJ compound 	😂 ADJ JJ compound 	😂 ADJ JJ compound 	😂 ADJ JJ compound 	😂 ADJ JJ compound 	😂 ADJ JJ compound 	😂 ADJ JJ compound 	😂 ADJ JJ compound 	😂 ADJ JJ compound 	😂 ADJ JJ compound 	😂 ADJ JJ compound 	😂 ADJ JJ compound 	😂 ADJ JJ compound 	😂 ADJ JJ compound 	😂 PROPN NNP compound 	😂 PROPN NNP compound 	😂 PROPN NNP pobj 	. PUNCT . punct 	
"
1459286460218150915,I am on a gay night out and they literally stopped the music to announce that Britney is finally free 😭,LouisStaples,Louis Staples,59752,2653,2021-11-12 22:26:19+00:00,"I PRON PRP nsubj 	am AUX VBP ROOT 	on ADP IN prep 	a DET DT det 	gay ADJ JJ amod 	night NOUN NN pobj 	out ADP RP advmod 	and CCONJ CC cc 	they PRON PRP nsubj 	literally ADV RB advmod 	stopped VERB VBD conj 	the DET DT det 	music NOUN NN dobj 	to PART TO aux 	announce VERB VB advcl 	that SCONJ IN mark 	Britney PROPN NNP nsubj 	is AUX VBZ ccomp 	finally ADV RB advmod 	free ADJ JJ acomp 	😭 NOUN NN dep 	
"
1458482861783269376,KeKe Palmer was on The View this morning and told Whoopi that she wanted a part in Sister Act 3 and Whoopi responded to say that she had actually already brought her name up  🥺🥺🥺,charitables,💖,18195,1730,2021-11-10 17:13:06+00:00,"KeKe PROPN NNP compound 	Palmer PROPN NNP nsubj 	was AUX VBD ROOT 	on ADP IN prep 	The DET DT det 	View NOUN NN pobj 	this DET DT det 	morning NOUN NN npadvmod 	and CCONJ CC cc 	told VERB VBD conj 	Whoopi PROPN NNP dobj 	that SCONJ IN mark 	she PRON PRP nsubj 	wanted VERB VBD ccomp 	a DET DT det 	part NOUN NN dobj 	in ADP IN prep 	Sister PROPN NNP compound 	Act PROPN NNP pobj 	3 NUM CD nummod 	and CCONJ CC cc 	Whoopi PROPN NNP nsubj 	responded VERB VBD conj 	to PART TO aux 	say VERB VB xcomp 	that SCONJ IN mark 	she PRON PRP nsubj 	had AUX VBD aux 	actually ADV RB advmod 	already ADV RB advmod 	brought VERB VBN ccomp 	her PRON PRP$ poss 	name NOUN NN dobj 	up ADP RP prt 	  SPACE _SP dep 	🥺 NOUN NNS dobj 	🥺 NOUN NNS dobj 	🥺 VERB VBZ punct 	
"
1457687987400155143,Girls get mad at something and finds relatable post within 3 seconds. 🤔,Pha_nuel,♌︎☘︎︎,102342,20714,2021-11-08 12:34:33+00:00,"Girls NOUN NNS nsubj 	get VERB VBP ROOT 	mad ADJ JJ acomp 	at ADP IN prep 	something PRON NN pobj 	and CCONJ CC cc 	finds VERB VBZ conj 	relatable ADJ JJ amod 	post NOUN NN dobj 	within ADP IN prep 	3 NUM CD nummod 	seconds NOUN NNS pobj 	. PUNCT . punct 	🤔 ADJ JJS ROOT 	
"
1458810705281441800,Y'all ever be at work for 5 hours and check the clock and it's been 46 minutes 🤣😒,glo_bamba,A ✨,80107,15634,2021-11-11 14:55:50+00:00,"Y'all PROPN NNP nsubj 	ever ADV RB advmod 	be VERB VBP ROOT 	at ADP IN prep 	work NOUN NN pobj 	for ADP IN prep 	5 NUM CD nummod 	hours NOUN NNS pobj 	and CCONJ CC cc 	check VERB VB conj 	the DET DT det 	clock NOUN NN dobj 	and CCONJ CC cc 	it PRON PRP nsubjpass 	's AUX VBZ auxpass 	been AUX VBN conj 	46 NUM CD nummod 	minutes NOUN NNS npadvmod 	🤣 PROPN NNP compound 	😒 NOUN NN attr 	
"
1459004424962125833,why do straight women think lesbian relationships are peaceful 😂,thekonyjen,KJ.,36349,5196,2021-11-12 03:45:36+00:00,"why SCONJ WRB advmod 	do AUX VBP aux 	straight ADJ JJ amod 	women NOUN NNS nsubj 	think VERB VBP ROOT 	lesbian ADJ JJ amod 	relationships NOUN NNS nsubj 	are AUX VBP ccomp 	peaceful ADJ JJ amod 	😂 PROPN NNP attr 	
"
1457340713256067084,"Not sure if anyone else noticed, but we won NJ by a bigger margin than we lost VA.  Kinda got lost in the media narrative 🙄",Amy_Siskind,Amy Siskind 🏳️‍🌈,40737,6992,2021-11-07 13:34:36+00:00,"Not PART RB neg 	sure ADJ JJ ROOT 	if SCONJ IN mark 	anyone PRON NN nsubj 	else ADV RB advmod 	noticed VERB VBD ccomp 	, PUNCT , punct 	but CCONJ CC cc 	we PRON PRP nsubj 	won VERB VBD conj 	NJ PROPN NNP dobj 	by ADP IN prep 	a DET DT det 	bigger ADJ JJR amod 	margin NOUN NN pobj 	than SCONJ IN mark 	we PRON PRP nsubj 	lost VERB VBD advcl 	VA PROPN NNP dobj 	. PUNCT . punct 	  SPACE _SP dep 	Kinda PROPN NNP amod 	got AUX VBD auxpass 	lost VERB VBN ROOT 	in ADP IN prep 	the DET DT det 	media NOUN NNS compound 	narrative NOUN NN pobj 	🙄 NOUN NN punct 	
"
1459205808009400327,sometimes when im driving i be forgetting im the driver😭🤦‍♂️,Hen_Sterr,H E N 🦖💲,28954,6009,2021-11-12 17:05:50+00:00,"sometimes ADV RB advmod 	when SCONJ WRB advmod 	i PRON PRP nsubj 	m AUX VBP aux 	driving VERB VBG advcl 	i PRON PRP nsubj 	be AUX VBP aux 	forgetting VERB VBG ROOT 	i PRON PRP nsubj 	m VERB VBP ccomp 	the DET DT det 	driver NOUN NN attr 	😭 ADJ JJ advcl 	🤦 NOUN NNS advcl 	‍ NOUN NN dobj 	♂ NOUN NN dobj 	️ NOUN NN dobj 	
"
1459162826849890308,I hate the fake convo before someone asks for a favour 🤢,wofai_xo,69💎,79403,17703,2021-11-12 14:15:02+00:00,"I PRON PRP nsubj 	hate VERB VBP ROOT 	the DET DT det 	fake ADJ JJ amod 	convo NOUN NN dobj 	before SCONJ IN mark 	someone PRON NN nsubj 	asks VERB VBZ advcl 	for ADP IN prep 	a DET DT det 	favour NOUN NN pobj 	🤢 NOUN NN dep 	
"
1459552988947755016,Why is the U.S government putting fluoride in the water for our teeth but not Creatine to get us swole? Makes you think 🤔,Billyhottakes,Billy Football,22323,1476,2021-11-13 16:05:24+00:00,"Why SCONJ WRB advmod 	is AUX VBZ aux 	the DET DT det 	U.S PROPN NNP compound 	government NOUN NN nsubj 	putting VERB VBG ROOT 	fluoride NOUN NN dobj 	in ADP IN prep 	the DET DT det 	water NOUN NN pobj 	for ADP IN prep 	our PRON PRP$ poss 	teeth NOUN NNS pobj 	but CCONJ CC cc 	not PART RB neg 	Creatine PROPN NNP conj 	to PART TO aux 	get VERB VB advcl 	us PRON PRP compound 	swole PROPN NNP ccomp 	? PUNCT . punct 	Makes VERB VBZ ROOT 	you PRON PRP nsubj 	think VERB VB ccomp 	🤔 PRON PRP punct 	
"
1459312844550422530,AND YOU CALL ME UP AGAIN JUST TO BREAK ME LIKE A PROMISE 😩 #AllTooWellTheShortFilm,taylornation13,Taylor Nation,43710,6762,2021-11-13 00:11:09+00:00,"AND CCONJ CC cc 	YOU PRON PRP nsubj 	CALL VERB VBP ROOT 	ME PRON PRP dobj 	UP ADP RP prt 	AGAIN ADV RB advmod 	JUST ADV RB advmod 	TO PART TO aux 	BREAK VERB VB advcl 	ME PRON PRP dobj 	LIKE ADP IN prep 	A DET DT det 	PROMISE NOUN NN pobj 	😩 PROPN NNP appos 	# SYM $ appos 	AllTooWellTheShortFilm NOUN NN dep 	
"
1459959347279241220,A 25-place penalty.   No problem.   He’s Lewis 🤬 Hamilton.,MercedesAMGF1,Mercedes-AMG PETRONAS F1 Team,83199,11189,2021-11-14 19:00:07+00:00,"A DET DT det 	25 NUM CD nummod 	- PUNCT HYPH punct 	place NOUN NN compound 	penalty NOUN NN ROOT 	. PUNCT . punct 	   SPACE _SP dep 	No DET DT det 	problem NOUN NN dobj 	. PUNCT . punct 	   SPACE _SP dep 	He PRON PRP nsubj 	’s VERB VBZ ROOT 	Lewis PROPN NNP compound 	🤬 PROPN NNP compound 	Hamilton PROPN NNP attr 	. PUNCT . punct 	
"
1458571907771637765,"I can literally have $30,000 in my account and if it goes to $29,100 ima be irritated and feel like I’m broke af😂😂😂😂😂😂😂😂😂😂😂",BrrdTamara,T A M A R A 🌺,70824,14483,2021-11-10 23:06:56+00:00,"I PRON PRP nsubj 	can AUX MD aux 	literally ADV RB advmod 	have VERB VB ROOT 	$ SYM $ nmod 	30,000 NUM CD dobj 	in ADP IN prep 	my PRON PRP$ poss 	account NOUN NN pobj 	and CCONJ CC cc 	if SCONJ IN mark 	it PRON PRP nsubj 	goes VERB VBZ advcl 	to ADP IN prep 	$ SYM $ nmod 	29,100 NUM CD pobj 	i PRON PRP nsubj 	m VERB VBP conj 	a DET DT det 	be AUX VB dep 	irritated ADJ JJ acomp 	and CCONJ CC cc 	feel VERB VB conj 	like SCONJ IN mark 	I PRON PRP nsubj 	’m AUX VBP auxpass 	broke VERB VBD conj 	af ADJ JJ compound 	😂 ADJ JJS compound 	😂 ADJ JJ compound 	😂 ADJ JJ compound 	😂 ADJ JJ compound 	😂 ADJ JJ compound 	😂 ADJ JJ compound 	😂 ADJ JJ compound 	😂 ADJ JJ compound 	😂 ADJ JJ compound 	😂 PROPN NNP compound 	😂 PROPN NNP dobj 	
"
1459252029180694531,Adulthood the worst hood I done been in 😭😭😭,_23dayday,23,72706,17567,2021-11-12 20:09:30+00:00,"Adulthood PROPN NNP nsubj 	the DET DT det 	worst ADJ JJS amod 	hood NOUN NN appos 	I PRON PRP nsubj 	done VERB VBD relcl 	been AUX VBN ROOT 	in ADP IN prep 	😭 PROPN NNP pobj 	😭 PROPN NNP pobj 	😭 NOUN NN pobj 	
"
1457376084702474248,Almost said “Thank you for the support” to my Uber driver… 🙃,Ph1LzA,Ph1LzA,155589,1899,2021-11-07 15:55:09+00:00,"Almost ADV RB advmod 	said VERB VBD ROOT 	“ PUNCT `` punct 	Thank VERB VBP xcomp 	you PRON PRP dobj 	for ADP IN prep 	the DET DT det 	support NOUN NN pobj 	” PUNCT '' punct 	to ADP IN prep 	my PRON PRP$ poss 	Uber ADJ JJ amod 	driver NOUN NN pobj 	… PUNCT : punct 	🙃 NOUN NN dep 	
"
1457789145032495104,"College ain’t for everybody. It ain’t even for me, but imma graduate tho. 😭",xtiann___,chrissy,118129,28502,2021-11-08 19:16:31+00:00,"College NOUN NN nsubj 	ai VERB VBP ROOT 	n’t PART RB neg 	for ADP IN prep 	everybody PRON NN pobj 	. PUNCT . punct 	It PRON PRP nsubj 	ai VERB VBP ROOT 	n’t PART RB neg 	even ADV RB advmod 	for ADP IN prep 	me PRON PRP pobj 	, PUNCT , punct 	but CCONJ CC cc 	imma PROPN NNP nsubj 	graduate PROPN NNP compound 	tho PROPN NNP intj 	. PUNCT . punct 	😭 PROPN NNP ROOT 	
"
1457831440884936712,“I’ll plant 1 tree for every picture of your bank card & CVV code” 🤑,georgiatownend_,Georgia Townend,19435,1438,2021-11-08 22:04:35+00:00,"“ PUNCT `` punct 	I PRON PRP nsubj 	’ll AUX MD aux 	plant VERB VB ROOT 	1 NUM CD nummod 	tree NOUN NN dobj 	for ADP IN prep 	every DET DT det 	picture NOUN NN pobj 	of ADP IN prep 	your PRON PRP$ poss 	bank NOUN NN compound 	card NOUN NN pobj 	& CCONJ CC cc 	CVV PROPN NNP compound 	code NOUN NN conj 	” PUNCT '' punct 	🤑 NOUN NNS cc 	
"
1458521422574325763,y’all be choosing being weird over communication and i cant fw it 😂,Flashyasf,Flash,37000,13280,2021-11-10 19:46:19+00:00,"y’ PRON PRP nsubj 	all PRON DT appos 	be AUX VB aux 	choosing VERB VBG ROOT 	being AUX VBG xcomp 	weird ADJ JJ acomp 	over ADP IN prep 	communication NOUN NN pobj 	and CCONJ CC cc 	i PRON PRP nsubj 	ca AUX MD aux 	nt PART RB conj 	fw ADV RB advmod 	it PRON PRP dobj 	😂 PROPN NNP appos 	
"
1458093067551051778,i can never be medium drunk. it’s always sober or drunk AF😭,_skyeglizzy,Skye B✨,18207,6677,2021-11-09 15:24:12+00:00,"i PRON PRP nsubj 	can AUX MD aux 	never ADV RB neg 	be AUX VB ROOT 	medium ADJ JJ amod 	drunk ADJ JJ acomp 	. PUNCT . punct 	it PRON PRP nsubj 	’s VERB VBZ ROOT 	always ADV RB advmod 	sober ADJ JJ acomp 	or CCONJ CC cc 	drunk ADJ JJ amod 	AF PROPN NNP compound 	😭 NOUN NN attr 	
"
1458521306287194116,So we have reached the point where we have to say in an International forum that the UK is not a corrupt country. 😱,DeborahMeaden,Deborah Meaden 💙,18639,3096,2021-11-10 19:45:52+00:00,"So ADV RB advmod 	we PRON PRP nsubj 	have AUX VBP aux 	reached VERB VBN ROOT 	the DET DT det 	point NOUN NN dobj 	where SCONJ WRB advmod 	we PRON PRP nsubj 	have VERB VBP relcl 	to PART TO aux 	say VERB VB xcomp 	in ADP IN prep 	an DET DT det 	International ADJ JJ amod 	forum NOUN NN pobj 	that SCONJ IN mark 	the DET DT det 	UK PROPN NNP nsubj 	is AUX VBZ ccomp 	not PART RB neg 	a DET DT det 	corrupt ADJ JJ amod 	country NOUN NN attr 	. PUNCT . punct 	😱 NOUN NN ROOT 	
"
1458827448150372352,"My son is 3… he be mixing french, dutch and english when he speaks sometimes but when he get’s mad its always in lingala 🇨🇩 😂😂😂🤦🏿‍♂️🤦🏿‍♂️",RomeluLukaku9,R.Lukaku Bolingoli9,113998,8440,2021-11-11 16:02:21+00:00,"My PRON PRP$ poss 	son NOUN NN nsubj 	is AUX VBZ ccomp 	3 NUM CD attr 	… PUNCT NFP punct 	he PRON PRP nsubj 	be AUX VBP aux 	mixing VERB VBG ROOT 	french ADJ JJ dobj 	, PUNCT , punct 	dutch ADJ JJ conj 	and CCONJ CC cc 	english PROPN NNP conj 	when SCONJ WRB advmod 	he PRON PRP nsubj 	speaks VERB VBZ advcl 	sometimes ADV RB advmod 	but CCONJ CC cc 	when SCONJ WRB advmod 	he PRON PRP nsubj 	get VERB VBP conj 	’s ADV RB ccomp 	mad ADJ JJ acomp 	its PRON PRP$ poss 	always ADV RB advmod 	in ADP IN prep 	lingala NOUN NN pobj 	🇨 PROPN NNP compound 	🇩 PROPN NNP compound 	😂 PROPN NNP compound 	😂 PROPN NNP compound 	😂 PROPN NNP dobj 	🤦 X ADD ccomp 	🏿‍ NOUN NN ccomp 	♂ NOUN NN dobj 	️ NOUN NN dobj 	🤦 X ADD dobj 	🏿‍ NUM CD dobj 	♂ NOUN NN ccomp 	️ NOUN NN dobj 	
"
1457500115120402442,I HATE my lurking skills 🤣 I be finding exactly what im looking for 😭,braylon125,braylonnn,39143,9238,2021-11-08 00:08:01+00:00,"I PRON PRP nsubj 	HATE VERB VBP ROOT 	my PRON PRP$ poss 	lurking NOUN NN compound 	skills NOUN NNS dobj 	🤣 PROPN NNP npadvmod 	I PRON PRP nsubj 	be AUX VBP aux 	finding VERB VBG ROOT 	exactly ADV RB advmod 	what PRON WP dobj 	i PRON PRP nsubj 	m AUX VBP aux 	looking VERB VBG ccomp 	for ADP IN prep 	😭 NOUN NN pobj 	
"
1458461002970898439,"They ain’t have to save THAT much daylight, cmon now 😒",noony0g,OG 🥶💨,43471,9835,2021-11-10 15:46:14+00:00,"They PRON PRP nsubj 	ai AUX VBP aux 	n’t PART RB neg 	have VERB VB ROOT 	to PART TO aux 	save VERB VB xcomp 	THAT DET DT det 	much ADJ JJ amod 	daylight NOUN NN dobj 	, PUNCT , punct 	cmon PROPN NNP npadvmod 	now ADV RB advmod 	😒 ADP IN punct 	
"
1460026719914577921,I’m such a “why” person I just always need to know! 😭,realprettyygirl,•PG♛•,40290,10614,2021-11-14 23:27:50+00:00,"I PRON PRP nsubj 	’m VERB VBP ROOT 	such DET PDT predet 	a DET DT det 	“ PUNCT `` punct 	why SCONJ WRB amod 	” PUNCT '' punct 	person NOUN NN attr 	I PRON PRP nsubj 	just ADV RB advmod 	always ADV RB advmod 	need VERB VBP relcl 	to PART TO aux 	know VERB VB xcomp 	! PUNCT . punct 	😭 PRON DT ROOT 	
"
1457819381409492994,i’m fighting for my life tryna finish this semester bro 😭😭😭,racheljrdnn,rach🧚🏾‍♀️,30384,10821,2021-11-08 21:16:40+00:00,"i PRON PRP nsubj 	’m AUX VBP aux 	fighting VERB VBG ROOT 	for ADP IN prep 	my PRON PRP$ poss 	life NOUN NN pobj 	tryna AUX VB aux 	finish VERB VB ccomp 	this DET DT det 	semester NOUN NN npadvmod 	bro PROPN NNP npadvmod 	😭 PROPN NNP compound 	😭 PROPN NNP appos 	😭 NOUN NN ROOT 	
"
1457330017101307904,Need to wash my hair but it will eat into the time I’ve set aside to sit on my phone and do nothing 😩 do you SEEE my dilemma,Chloe___Burrows,Chloe Burrows,25837,965,2021-11-07 12:52:06+00:00,"Need VERB VB ROOT 	to PART TO aux 	wash VERB VB xcomp 	my PRON PRP$ poss 	hair NOUN NN dobj 	but CCONJ CC cc 	it PRON PRP nsubj 	will AUX MD aux 	eat VERB VB conj 	into ADP IN prep 	the DET DT det 	time NOUN NN pobj 	I PRON PRP nsubj 	’ve AUX VBP aux 	set VERB VBN relcl 	aside ADV RB advmod 	to PART TO aux 	sit VERB VB advcl 	on ADP IN prep 	my PRON PRP$ poss 	phone NOUN NN pobj 	and CCONJ CC cc 	do VERB VB conj 	nothing PRON NN dobj 	😩 PROPN NNPS dep 	do AUX VBP aux 	you PRON PRP nsubj 	SEEE VERB VB relcl 	my PRON PRP$ poss 	dilemma NOUN NN dobj 	
"
1457375417464197125,"I was so drunk yesterday, I pulled a young man over to the side who was trynna fight & i had a talk with him 😭 i said young man.. we are here to have fun. Don’t ruin our good time with that foolishness. He said “yes ma’am” & at that moment. I knew i had turned 50 😭",SoCalledShana,Somebody Auntie .,338726,20988,2021-11-07 15:52:30+00:00,"I PRON PRP nsubj 	was AUX VBD ccomp 	so ADV RB advmod 	drunk ADJ JJ acomp 	yesterday NOUN NN npadvmod 	, PUNCT , punct 	I PRON PRP nsubj 	pulled VERB VBD ROOT 	a DET DT det 	young ADJ JJ amod 	man NOUN NN dobj 	over ADP RP prt 	to ADP IN prep 	the DET DT det 	side NOUN NN pobj 	who PRON WP nsubj 	was AUX VBD relcl 	trynna VERB VB acomp 	fight VERB VB punct 	& CCONJ CC cc 	i PRON PRP nsubj 	had VERB VBD ROOT 	a DET DT det 	talk NOUN NN dobj 	with ADP IN prep 	him PRON PRP pobj 	😭 CCONJ CC npadvmod 	i PRON PRP nsubj 	said VERB VBD ROOT 	young ADJ JJ amod 	man NOUN NN dobj 	.. PUNCT NFP punct 	we PRON PRP nsubj 	are AUX VBP ROOT 	here ADV RB advmod 	to PART TO aux 	have VERB VB advcl 	fun NOUN NN dobj 	. PUNCT . punct 	Do AUX VB aux 	n’t PART RB neg 	ruin VERB VB ROOT 	our PRON PRP$ poss 	good ADJ JJ amod 	time NOUN NN dobj 	with ADP IN prep 	that DET DT det 	foolishness NOUN NN pobj 	. PUNCT . punct 	He PRON PRP nsubj 	said VERB VBD ROOT 	“ PUNCT `` punct 	yes PROPN NNP compound 	ma’am NOUN NN dobj 	” PUNCT '' punct 	& CCONJ CC cc 	at ADP IN prep 	that DET DT det 	moment NOUN NN pobj 	. PUNCT . punct 	I PRON PRP nsubj 	knew VERB VBD ROOT 	i PRON PRP nsubj 	had AUX VBD aux 	turned VERB VBN ccomp 	50 NUM CD dobj 	😭 NOUN NN npadvmod 	
"
1457814905118248967,kinda weird how stormi still hasnt made a statement on what happened at astrofest🧐,sneerid,Corn ✮,91109,6833,2021-11-08 20:58:52+00:00,"kinda ADV RB advmod 	weird ADJ JJ ROOT 	how SCONJ WRB advmod 	stormi NOUN NN nsubj 	still ADV RB advmod 	has AUX VBZ aux 	nt PART RB neg 	made VERB VBN ccomp 	a DET DT det 	statement NOUN NN dobj 	on ADP IN prep 	what PRON WP nsubj 	happened VERB VBD pcomp 	at ADP IN prep 	astrofest ADJ JJ amod 	🧐 NOUN NNS pobj 	
"
1459297359305883653,Katy Perry has dyed her hair back to black and Brittney is FREE and Lindsay Lohan has a rom-com coming out soon..  the world is slowly starting to heal 😭,fyezuh,fye.,277996,34316,2021-11-12 23:09:37+00:00,"Katy PROPN NNP compound 	Perry PROPN NNP nsubj 	has AUX VBZ aux 	dyed VERB VBN ROOT 	her PRON PRP$ poss 	hair NOUN NN dobj 	back ADV RB advmod 	to ADP IN prep 	black NOUN NN pobj 	and CCONJ CC cc 	Brittney PROPN NNP nsubj 	is AUX VBZ conj 	FREE ADJ JJ acomp 	and CCONJ CC cc 	Lindsay PROPN NNP compound 	Lohan PROPN NNP nsubj 	has VERB VBZ conj 	a DET DT det 	rom NOUN NN compound 	- PUNCT HYPH punct 	com NOUN NN nsubj 	coming VERB VBG xcomp 	out ADP RP prt 	soon ADV RB advmod 	.. PUNCT NFP punct 	  SPACE _SP dep 	the DET DT det 	world NOUN NN nsubj 	is AUX VBZ aux 	slowly ADV RB advmod 	starting VERB VBG ROOT 	to PART TO aux 	heal VERB VB xcomp 	😭 PROPN NNP dobj 	
"
1458828756857114630,Tik Tok will have you thinking a song fire asf until you go listen to the whole thing 😭😂😭,wtfjummy,Gracie,151380,23544,2021-11-11 16:07:34+00:00,"Tik PROPN NNP compound 	Tok PROPN NNP nsubj 	will AUX MD aux 	have VERB VB ROOT 	you PRON PRP nsubj 	thinking VERB VBG ccomp 	a DET DT det 	song NOUN NN compound 	fire NOUN NN compound 	asf NOUN NN dobj 	until SCONJ IN mark 	you PRON PRP nsubj 	go VERB VBP advcl 	listen VERB VB advcl 	to ADP IN prep 	the DET DT det 	whole ADJ JJ amod 	thing NOUN NN pobj 	😭 PROPN NNP appos 	😂 PROPN NNP appos 	😭 NOUN NN appos 	
"
1458438102813483008,I be like “long story short” then tell the entire story😂😂,_S_hinaa,Shina🇨🇮💜,33404,8125,2021-11-10 14:15:14+00:00,"I PRON PRP nsubj 	be VERB VBP ROOT 	like ADP IN prep 	“ PUNCT `` punct 	long ADJ JJ amod 	story NOUN NN pobj 	short ADJ JJ amod 	” PUNCT '' punct 	then ADV RB advmod 	tell VERB VB dep 	the DET DT det 	entire ADJ JJ amod 	story NOUN NN dobj 	😂 PROPN NNP compound 	😂 PROPN NNP dobj 	
"
1457846603277086722,Yo secret always safe w me cause ima forget abt it 😂😂,IcyJaime,𝐈𝐜𝐲 ひ,124473,32275,2021-11-08 23:04:50+00:00,"Yo NOUN NN nsubj 	secret ADJ JJ ccomp 	always ADV RB advmod 	safe ADJ JJ advcl 	w ADP IN prep 	me PRON PRP pobj 	cause SCONJ IN mark 	i PRON PRP nsubj 	m AUX VBP aux 	a DET DT det 	forget VERB VB ROOT 	abt PROPN NNP intj 	it PRON PRP dobj 	😂 PROPN NNP compound 	😂 PROPN NNP dobj 	
"
1459662675399618569,Sierra Leone is actually such a nice name for a country 😂,_leahlovex,L.,72971,7065,2021-11-13 23:21:15+00:00,"Sierra PROPN NNP compound 	Leone PROPN NNP nsubj 	is AUX VBZ ROOT 	actually ADV RB advmod 	such DET PDT predet 	a DET DT det 	nice ADJ JJ amod 	name NOUN NN attr 	for ADP IN prep 	a DET DT det 	country NOUN NN pobj 	😂 PROPN NNP dep 	
"
1458428959176097797,"Why are parties so late, like why can’t we party at 7 and be home by 12 bro 😭",Pyepernxt2U,PYPER🍒,334686,42364,2021-11-10 13:38:54+00:00,"Why SCONJ WRB advmod 	are AUX VBP ROOT 	parties NOUN NNS nsubj 	so ADV RB advmod 	late ADV RB advmod 	, PUNCT , punct 	like ADP IN prep 	why SCONJ WRB advmod 	ca AUX MD aux 	n’t PART RB neg 	we PRON PRP nsubj 	party NOUN NN pcomp 	at ADP IN prep 	7 NUM CD pobj 	and CCONJ CC cc 	be AUX VB conj 	home ADV RB advmod 	by ADP IN prep 	12 NUM CD nummod 	bro NOUN NNS pobj 	😭 PUNCT . punct 	
"
1458277104982790145,i be spending money like i work 70 hrs a week 😵‍💫😵‍💫😵‍💫😵‍💫😵‍💫,ashleywlopez,ash ♡,16132,4201,2021-11-10 03:35:29+00:00,"i PRON PRP nsubj 	be AUX VBP aux 	spending VERB VBG ROOT 	money NOUN NN dobj 	like SCONJ IN mark 	i PRON PRP nsubj 	work VERB VBP advcl 	70 NUM CD nummod 	hrs NOUN NN npadvmod 	a DET DT det 	week NOUN NN npadvmod 	😵 NOUN NN compound 	‍ NOUN NNS dobj 	💫 NOUN NN dative 	😵 ADJ JJ amod 	‍ NOUN NNS dobj 	💫 NOUN NN conj 	😵 ADJ JJ amod 	‍ NOUN NNS dobj 	💫 NOUN NN nmod 	😵 ADJ JJ amod 	‍ NOUN NNS dobj 	💫 NOUN NN nmod 	😵 ADJ JJ nmod 	‍ NOUN NNS dobj 	💫 NOUN NN dobj 	
"
1457788583893291013,Who shuts down their own oil pipelines in the middle of an energy crisis?!🤦🏾‍♀️,lavern_spicer,Lavern Spicer,21691,5366,2021-11-08 19:14:17+00:00,"Who PRON WP nsubj 	shuts VERB VBZ ROOT 	down ADP RP prt 	their PRON PRP$ poss 	own ADJ JJ amod 	oil NOUN NN compound 	pipelines NOUN NNS dobj 	in ADP IN prep 	the DET DT det 	middle NOUN NN pobj 	of ADP IN prep 	an DET DT det 	energy NOUN NN compound 	crisis?! NOUN NN pobj 	🤦 NOUN NNS advcl 	🏾‍ ADJ JJ amod 	♀ PROPN NNP punct 	️ X ADD punct 	
"
1458527141008535552,I was the first rapper to get an apology from Kanye West ☝🏾😂,souljaboy,Soulja Boy (Big Draco),138950,14242,2021-11-10 20:09:03+00:00,"I PRON PRP nsubj 	was AUX VBD ROOT 	the DET DT det 	first ADJ JJ amod 	rapper NOUN NN attr 	to PART TO aux 	get VERB VB relcl 	an DET DT det 	apology NOUN NN dobj 	from ADP IN prep 	Kanye PROPN NNP compound 	West PROPN NNP pobj 	☝ VERB VBN dep 	🏾 VERB VBG amod 	😂 NOUN NN oprd 	
"
1459515628218470400,"I get offended when ppl think I’m lying to them,u think I’m scared of u or somn? 😂",Gold_Apparels,YKTFV 🇬🇧,75106,20384,2021-11-13 13:36:56+00:00,"I PRON PRP nsubjpass 	get AUX VBP auxpass 	offended VERB VBN ccomp 	when SCONJ WRB advmod 	ppl PROPN NNP nsubj 	think VERB VBP advcl 	I PRON PRP nsubj 	’m AUX VBP aux 	lying VERB VBG ccomp 	to ADP IN prep 	them PRON PRP pobj 	, PUNCT , punct 	u PRON PRP nsubj 	think VERB VBP ROOT 	I PRON PRP nsubj 	’m VERB VBP ccomp 	scared ADJ JJ acomp 	of ADP IN prep 	u NOUN NN pobj 	or CCONJ CC cc 	somn NOUN NN conj 	? PUNCT . punct 	😂 PROPN NNP ROOT 	
"
1459327761605185536,Britney is gonna have the best life ever now!!! 😭💞🥳 what a woman and what a resilient soul.,MarinaDiamandis,Marina,44071,4987,2021-11-13 01:10:26+00:00,"Britney PROPN NNP nsubj 	is AUX VBZ aux 	gon VERB VBG ROOT 	na PART TO aux 	have VERB VB xcomp 	the DET DT det 	best ADJ JJS amod 	life NOUN NN dobj 	ever ADV RB advmod 	now ADV RB advmod 	! PUNCT . punct 	! PUNCT . punct 	! PUNCT . punct 	😭 PROPN NNP nsubj 	💞 NOUN NN nsubj 	🥳 PROPN NNP ROOT 	what PRON WP dative 	a DET DT det 	woman NOUN NN attr 	and CCONJ CC cc 	what PRON WP conj 	a DET DT det 	resilient ADJ JJ amod 	soul NOUN NN appos 	. PUNCT . punct 	
"
1458801524310740994,If u drink on an empty stomach clearly you just don't care😭,KmtfdMina,Seli🍯,71847,9952,2021-11-11 14:19:21+00:00,"If SCONJ IN mark 	u NOUN NN nsubj 	drink VERB VB advcl 	on ADP IN prep 	an DET DT det 	empty ADJ JJ amod 	stomach NOUN NN pobj 	clearly ADV RB advmod 	you PRON PRP nsubj 	just ADV RB advmod 	do AUX VBP aux 	n't PART RB neg 	care VERB VB ROOT 	😭 NOUN NN dobj 	
"
1458611457453531143,my babies are so teeny tiny teeny cute 😍,ColleenB123,Colleen Ballinger🎗,32381,507,2021-11-11 01:44:05+00:00,"my PRON PRP$ poss 	babies NOUN NNS nsubj 	are AUX VBP ROOT 	so ADV RB advmod 	teeny ADJ JJ amod 	tiny ADJ JJ amod 	teeny NOUN NN amod 	cute NOUN NN attr 	😍 NOUN NN attr 	
"
1457394646775209985,Can anyone confirm the suburbs are okay and totally NOT burning yet? Because *SOMEONE* said they would be under President Biden.  Just curious. 😏,mmpadellan,BrooklynDad_Defiant!,21309,2481,2021-11-07 17:08:55+00:00,"Can AUX MD aux 	anyone PRON NN nsubj 	confirm VERB VB ROOT 	the DET DT det 	suburbs NOUN NNS nsubj 	are AUX VBP ccomp 	okay ADJ JJ acomp 	and CCONJ CC cc 	totally ADV RB advmod 	NOT PART RB neg 	burning VERB VBG conj 	yet ADV RB advmod 	? PUNCT . punct 	Because SCONJ IN mark 	* PUNCT NFP punct 	SOMEONE PRON NN dep 	* PUNCT , punct 	said VERB VBD ROOT 	they PRON PRP nsubj 	would AUX MD aux 	be AUX VB ccomp 	under ADP IN prep 	President PROPN NNP compound 	Biden PROPN NNP pobj 	. PUNCT . punct 	  SPACE _SP dep 	Just ADV RB advmod 	curious ADJ JJ ROOT 	. PUNCT . punct 	😏 NOUN NN ROOT 	
"
1457616294358962177,Crazy part about being an over thinker is you be right 😂the whole time,Flashyasf,Flash,104774,31037,2021-11-08 07:49:40+00:00,"Crazy ADJ JJ amod 	part NOUN NN nsubj 	about ADP IN prep 	being AUX VBG pcomp 	an DET DT det 	over ADP IN advmod 	thinker NOUN NN attr 	is AUX VBZ ROOT 	you PRON PRP nsubj 	be AUX VB ccomp 	right ADJ JJ amod 	😂 PROPN NNP attr 	the DET DT det 	whole ADJ JJ amod 	time NOUN NN npadvmod 	
"
1459179087176601611,I suck at hiding gifts. A hour later i be like “you wanna see what I got you” 😂,pxpimus,𝕶𝖎𝖓𝖌 𝖒,87501,21732,2021-11-12 15:19:39+00:00,"I PRON PRP nsubj 	suck VERB VBP ROOT 	at ADP IN prep 	hiding NOUN NN compound 	gifts NOUN NNS pobj 	. PUNCT . punct 	A DET DT det 	hour NOUN NN npadvmod 	later ADV RBR advmod 	i PRON PRP nsubj 	be VERB VBP ROOT 	like ADP IN prep 	“ PUNCT `` punct 	you PRON PRP nsubj 	wanna AUX VBP aux 	see VERB VB advcl 	what PRON WP dative 	I PRON PRP nsubj 	got VERB VBD ccomp 	you PRON PRP dobj 	” PUNCT '' punct 	😂 PROPN NNP dep 	
"
1458824253923545089,"When my brother found out I wanted to change my name, he would say ""literally WHO?"" whenever someone would use my old name accidentally, and I guess I forgot to change my voicemail because now I just have one of him saying ""LITERALLY WHO??"" 😂😂",humanhouseplant,frankie🌾,18819,1012,2021-11-11 15:49:40+00:00,"When SCONJ WRB advmod 	my PRON PRP$ poss 	brother NOUN NN nsubj 	found VERB VBD advcl 	out ADP RP prt 	I PRON PRP nsubj 	wanted VERB VBD ccomp 	to PART TO aux 	change VERB VB xcomp 	my PRON PRP$ poss 	name NOUN NN dobj 	, PUNCT , punct 	he PRON PRP nsubj 	would AUX MD aux 	say VERB VB ROOT 	"" PUNCT `` punct 	literally ADV RB advmod 	WHO PRON WP dobj 	? PUNCT . punct 	"" PUNCT '' punct 	whenever SCONJ WRB advmod 	someone PRON NN nsubj 	would AUX MD aux 	use VERB VB advcl 	my PRON PRP$ poss 	old ADJ JJ amod 	name NOUN NN dobj 	accidentally ADV RB advmod 	, PUNCT , punct 	and CCONJ CC cc 	I PRON PRP nsubj 	guess VERB VBP conj 	I PRON PRP nsubj 	forgot VERB VBP ccomp 	to PART TO aux 	change VERB VB xcomp 	my PRON PRP$ poss 	voicemail NOUN NN dobj 	because SCONJ IN mark 	now ADV RB advmod 	I PRON PRP nsubj 	just ADV RB advmod 	have VERB VBP ROOT 	one NUM CD nsubj 	of ADP IN prep 	him PRON PRP pobj 	saying VERB VBG ccomp 	"" PUNCT `` punct 	LITERALLY PROPN NNP ccomp 	WHO PRON WP nsubj 	? PUNCT . punct 	? PUNCT . punct 	"" PUNCT '' punct 	😂 PROPN NNP compound 	😂 PROPN NNP ROOT 	
"
1459598548740284424,Listen if you’re in a healthy relationship or have a good fwb situation please stay there. It is wicked out here 😭,Loccdawggg,Sesame Chiccen,32140,6279,2021-11-13 19:06:26+00:00,"Listen VERB VB advcl 	if SCONJ IN mark 	you PRON PRP nsubj 	’re VERB VBP advcl 	in ADP IN prep 	a DET DT det 	healthy ADJ JJ amod 	relationship NOUN NN pobj 	or CCONJ CC cc 	have VERB VB conj 	a DET DT det 	good ADJ JJ amod 	fwb NOUN NN compound 	situation NOUN NN dobj 	please INTJ UH intj 	stay VERB VB ROOT 	there ADV RB advmod 	. PUNCT . punct 	It PRON PRP nsubj 	is AUX VBZ ROOT 	wicked ADJ JJ acomp 	out ADP RP prt 	here ADV RB advmod 	😭 NOUN NN punct 	
"
1458474628494475265,"""you probably don’t care"" you’re right, i don’t 😭😭",ongdreww,dreww,22975,8180,2021-11-10 16:40:23+00:00,""" PUNCT `` punct 	you PRON PRP nsubj 	probably ADV RB advmod 	do AUX VBP aux 	n’t PART RB neg 	care VERB VB ccomp 	"" PUNCT '' punct 	you PRON PRP nsubj 	’re VERB VBP ccomp 	right ADJ JJ acomp 	, PUNCT , punct 	i PRON PRP nsubj 	do AUX VBP aux 	n’t PART RB neg 	😭 PROPN NNP ROOT 	😭 NOUN NN attr 	
"
1458462378891386882,"friendcation, baecation, vacation idc just get me tf outta here ASAP😭",_marnaeee,LILNAE,20494,9929,2021-11-10 15:51:42+00:00,"friendcation NOUN NN nsubj 	, PUNCT , punct 	baecation NOUN NN conj 	, PUNCT , punct 	vacation NOUN NN compound 	idc PROPN NNP conj 	just ADV RB advmod 	get VERB VBP ROOT 	me PRON PRP nsubj 	tf PROPN NNP compound 	outta PROPN NNP ccomp 	here ADV RB advmod 	ASAP PROPN NNP ccomp 	😭 NOUN NN dobj 	
"
1459069769257304095,I just wanna make money and be in love like this can’t be that hard 😭😂😂😂,TheeRealBBB,BIG B .,45691,14928,2021-11-12 08:05:15+00:00,"I PRON PRP nsubj 	just ADV RB advmod 	wanna VERB VBP ROOT 	make VERB VB xcomp 	money NOUN NN dobj 	and CCONJ CC cc 	be AUX VB conj 	in ADP IN prep 	love NOUN NN pobj 	like ADP IN prep 	this PRON DT pobj 	ca AUX MD aux 	n’t PART RB neg 	be AUX VB dep 	that ADV RB advmod 	hard ADJ JJ amod 	😭 PROPN NNP compound 	😂 ADJ JJ compound 	😂 PROPN NNP compound 	😂 PROPN NNP attr 	
"
1457888541195718656,"Dark by 5pm isnt good for my procrastination, im like yeahhh its late already i’ll do this tomorrow 😂😭😭😭",mari_yn5,marilyn 🍜,121789,26578,2021-11-09 01:51:29+00:00,"Dark ADJ JJ nsubj 	by ADP IN prep 	5 NUM CD nummod 	pm NOUN NN pobj 	is AUX VBZ ccomp 	nt PART RB neg 	good ADJ JJ acomp 	for ADP IN prep 	my PRON PRP$ poss 	procrastination NOUN NN pobj 	, PUNCT , punct 	i PRON PRP nsubj 	m AUX VBP aux 	like INTJ UH intj 	yeahhh INTJ UH pobj 	its PRON PRP$ poss 	late ADJ JJ amod 	already ADV RB advmod 	i PRON PRP nsubj 	’ll AUX MD aux 	do VERB VB ROOT 	this PRON DT dobj 	tomorrow NOUN NN npadvmod 	😂 PROPN NNP npadvmod 	😭 PROPN NNP appos 	😭 PROPN NNP appos 	😭 NOUN NN dobj 	
"
1457913632193400838,"You know what I still can’t get over? Inter-Library Loan. You’re telling me that another school will ship me a book? From across the country? For free? Because they believe that I will use it to, like, advance our collective knowledge about something? It’s so pure. 🥺",ian_shin,Ian Shin 冼健義,37680,3380,2021-11-09 03:31:11+00:00,"You PRON PRP nsubj 	know VERB VBP ROOT 	what PRON WP pobj 	I PRON PRP nsubj 	still ADV RB advmod 	ca AUX MD aux 	n’t PART RB neg 	get VERB VB ccomp 	over ADP RP prt 	? PUNCT . punct 	Inter PROPN NNP compound 	- PROPN NNP compound 	Library PROPN NNP compound 	Loan PROPN NNP ROOT 	. PUNCT . punct 	You PRON PRP nsubj 	’re AUX VBP aux 	telling VERB VBG ROOT 	me PRON PRP dobj 	that SCONJ IN mark 	another DET DT det 	school NOUN NN nsubj 	will AUX MD aux 	ship VERB VB ccomp 	me PRON PRP dative 	a DET DT det 	book NOUN NN dobj 	? PUNCT . punct 	From ADP IN ROOT 	across ADP IN prep 	the DET DT det 	country NOUN NN pobj 	? PUNCT . punct 	For ADP IN ROOT 	free ADJ JJ amod 	? PUNCT . punct 	Because SCONJ IN mark 	they PRON PRP nsubj 	believe VERB VBP ROOT 	that SCONJ IN mark 	I PRON PRP nsubj 	will AUX MD aux 	use VERB VB ccomp 	it PRON PRP dobj 	to ADP IN prep 	, PUNCT , punct 	like INTJ UH intj 	, PUNCT , punct 	advance VERB VB xcomp 	our PRON PRP$ poss 	collective ADJ JJ amod 	knowledge NOUN NN dobj 	about ADP IN prep 	something PRON NN pobj 	? PUNCT . punct 	It PRON PRP nsubj 	’s VERB VBZ ROOT 	so ADV RB advmod 	pure ADJ JJ acomp 	. PUNCT . punct 	🥺 VERB VBZ ROOT 	
"
1458996151357562885,if we have Watermelon  shouldn't we also have Firemelon? Earthmelon? and Airmelon?  The Elemelons😨,BamBam1A,BamBam,133117,45468,2021-11-12 03:12:43+00:00,"if SCONJ IN mark 	we PRON PRP nsubj 	have VERB VBP advcl 	Watermelon PROPN NNP dobj 	  SPACE _SP dep 	should AUX MD aux 	n't PART RB neg 	we PRON PRP nsubj 	also ADV RB advmod 	have VERB VBP ROOT 	Firemelon PROPN NNP dobj 	? PUNCT . punct 	Earthmelon NOUN NN ROOT 	? PUNCT . punct 	and CCONJ CC cc 	Airmelon PROPN NNP conj 	? PUNCT . punct 	  SPACE _SP dep 	The DET DT det 	Elemelons PROPN NNP ROOT 	😨 NOUN NN punct 	
"
1459927597580701706,The level of broke you’ll reach in Uni is unimaginable 😭,kazmarijeni,Kaz🪐,21733,2481,2021-11-14 16:53:58+00:00,"The DET DT det 	level NOUN NN nsubj 	of ADP IN prep 	broke NOUN NN pobj 	you PRON PRP nsubj 	’ll AUX MD aux 	reach VERB VB ROOT 	in ADP IN prep 	Uni PROPN NNP pobj 	is AUX VBZ conj 	unimaginable ADJ JJ acomp 	😭 NOUN NN punct 	
"
1459698171639173121,Call me mrs. go to work and go home😭✌🏽,daijsopretty,Brownie B.,19714,9357,2021-11-14 01:42:18+00:00,"Call VERB VB ROOT 	me PRON PRP dobj 	mrs PROPN NNP npadvmod 	. PROPN NNP nsubj 	go VERB VB oprd 	to ADP IN prep 	work VERB VB pobj 	and CCONJ CC cc 	go VERB VB conj 	home NOUN NN compound 	😭 PROPN NNP dobj 	✌ NOUN NN amod 	🏽 NOUN NN npadvmod 	
"
1457411700421021697,Coworker beef ain’t got no age limit 😭😭 anybody get it,_Slimeeeex3,🍄 .,77752,14943,2021-11-07 18:16:41+00:00,"Coworker NOUN NN compound 	beef NOUN NN nsubj 	ai AUX VBP aux 	n’t PART RB neg 	got VERB VBN ROOT 	no DET DT det 	age NOUN NN compound 	limit NOUN NN dobj 	😭 PRON DT appos 	😭 NOUN NN compound 	anybody PRON NN nsubj 	get VERB VBP conj 	it PRON PRP dobj 	
"
1459340284597313536,"I get crazy over somebody I really like, this ain’t what you want.. I’m tryna tell you 😂",Wavymafia,Jay🌊,21693,6406,2021-11-13 02:00:11+00:00,"I PRON PRP nsubj 	get VERB VBP ccomp 	crazy ADJ JJ acomp 	over ADP IN prep 	somebody PRON NN pobj 	I PRON PRP nsubj 	really ADV RB advmod 	like VERB VBP relcl 	, PUNCT , punct 	this PRON DT nsubj 	ai VERB VBP ROOT 	n’t PART RB neg 	what PRON WP dobj 	you PRON PRP nsubj 	want VERB VBP ccomp 	.. PUNCT . punct 	I PRON PRP nmod 	’m VERB VBP punct 	tryna NOUN NN nsubj 	tell VERB VB ROOT 	you PRON PRP dobj 	😂 PROPN NNP dobj 	
"
1457778157998645257,"My wee gran is 73 and getting married in a few weeks to the man she’s been with for 35 years, I get to be my grans bridesmaid and watch her dance to ‘at last’ as her first dance 😭😭😭😭😭 I am already crying",LauraMcFarlane1,Laura McFarlane,19287,291,2021-11-08 18:32:51+00:00,"My PRON PRP$ poss 	wee ADJ JJ amod 	gran NOUN NN nsubj 	is AUX VBZ ccomp 	73 NUM CD attr 	and CCONJ CC cc 	getting AUX VBG auxpass 	married VERB VBN conj 	in ADP IN prep 	a DET DT det 	few ADJ JJ amod 	weeks NOUN NNS pobj 	to ADP IN prep 	the DET DT det 	man NOUN NN pobj 	she PRON PRP nsubjpass 	’s AUX VBZ auxpass 	been AUX VBN relcl 	with ADP IN prep 	for ADP IN prep 	35 NUM CD nummod 	years NOUN NNS pobj 	, PUNCT , punct 	I PRON PRP nsubj 	get VERB VBP ccomp 	to PART TO aux 	be AUX VB xcomp 	my PRON PRP$ poss 	grans NOUN NNS compound 	bridesmaid NOUN NN attr 	and CCONJ CC cc 	watch VERB VB conj 	her PRON PRP$ poss 	dance NOUN NN dobj 	to PART TO prep 	‘ PUNCT `` punct 	at ADP IN conj 	last ADJ JJ amod 	’ PUNCT '' punct 	as ADP IN prep 	her PRON PRP$ poss 	first ADJ JJ amod 	dance NOUN NN pobj 	😭 PROPN NNP appos 	😭 PROPN NNP appos 	😭 PROPN NNP appos 	😭 NOUN NN appos 	😭 NOUN NN appos 	I PRON PRP nsubj 	am AUX VBP aux 	already ADV RB advmod 	crying VERB VBG ROOT 	
"
1457694185147052037,The dating scene is disgusting cherish your partners 😭,_Rico21,Rico,76782,15879,2021-11-08 12:59:11+00:00,"The DET DT det 	dating VERB VBG amod 	scene NOUN NN nsubj 	is AUX VBZ ROOT 	disgusting ADJ JJ acomp 	cherish VERB VB conj 	your PRON PRP$ poss 	partners NOUN NNS dobj 	😭 PROPN NNP punct 	
"
1458551020024434691,“ Twitter Boring “ Nah That’s Just Yo Timeline Not Mines 😂😂😂😂,spideyfunnyxxx,Spidey🦅LicksTheKlit,83577,17793,2021-11-10 21:43:56+00:00,"“ PUNCT `` punct 	Twitter PROPN NNP compound 	Boring PROPN NNP ROOT 	“ PUNCT `` punct 	Nah INTJ UH intj 	That PRON DT nsubj 	’s VERB VBZ ccomp 	Just ADV RB advmod 	Yo PROPN NNP compound 	Timeline PROPN NNP attr 	Not PART RB neg 	Mines PROPN NNPS compound 	😂 PROPN NNP compound 	😂 PROPN NNP compound 	😂 PROPN NNP compound 	😂 PROPN NNP dobj 	
"
1457342412531978244,I’m stuck between “You need to save money” and “You only live once” 🥲,qaisaraafiqah,Qaisara Afiqah,17539,18159,2021-11-07 13:41:21+00:00,"I PRON PRP nsubj 	’m AUX VBP auxpass 	stuck VERB VBN ROOT 	between ADP IN prep 	“ PUNCT `` punct 	You PRON PRP nsubj 	need VERB VBP pcomp 	to PART TO aux 	save VERB VB xcomp 	money NOUN NN dobj 	” PUNCT '' punct 	and CCONJ CC cc 	“ PUNCT `` punct 	You PRON PRP nsubj 	only ADV RB advmod 	live VERB VBP conj 	once ADV RB advmod 	” PUNCT '' punct 	🥲 PROPN NNP npadvmod 	
"
1457500717808238596,BREAKING: An anti-vax Illinois teacher who ranted at school board meetings for months against vaccine mandates was — wait for it — actually VACCINATED all along.  Why would someone do that? 🤨,joncoopertweets,Jon Cooper 🇺🇸,31067,6375,2021-11-08 00:10:24+00:00,"BREAKING NOUN NN ROOT 	: PUNCT : punct 	An DET DT det 	anti ADJ JJ amod 	- ADJ JJ amod 	vax ADJ JJ amod 	Illinois PROPN NNP compound 	teacher NOUN NN nsubj 	who PRON WP nsubj 	ranted VERB VBD relcl 	at ADP IN prep 	school NOUN NN compound 	board NOUN NN compound 	meetings NOUN NNS pobj 	for ADP IN prep 	months NOUN NNS pobj 	against ADP IN prep 	vaccine NOUN NN compound 	mandates NOUN NNS pobj 	was AUX VBD ROOT 	— PUNCT : punct 	wait VERB VB attr 	for ADP IN prep 	it PRON PRP pobj 	— PUNCT : punct 	actually ADV RB advmod 	VACCINATED VERB VBN dep 	all ADV RB advmod 	along ADV RB advmod 	. PUNCT . punct 	  SPACE _SP dep 	Why SCONJ WRB advmod 	would AUX MD aux 	someone PRON NN nsubj 	do VERB VB ROOT 	that PRON DT dobj 	? PUNCT . punct 	🤨 PROPN NNP ROOT 	
"
1457382995103522820,If you have beef with me it’s completely one sided because idgaf about nothing 😭,NaBria___,.,29421,11701,2021-11-07 16:22:37+00:00,"If SCONJ IN mark 	you PRON PRP nsubj 	have VERB VBP advcl 	beef NOUN NN dobj 	with ADP IN prep 	me PRON PRP pobj 	it PRON PRP nsubj 	’s VERB VBZ ROOT 	completely ADV RB advmod 	one NUM CD nsubj 	sided ADJ JJ acomp 	because SCONJ IN mark 	idgaf PROPN NNP advcl 	about ADP IN prep 	nothing PRON NN pobj 	😭 ADP IN punct 	
"
1458551110524833792,never too late to correct yourself 🤗,JheneAiko,Efuru,29939,9208,2021-11-10 21:44:17+00:00,"never ADV RB neg 	too ADV RB advmod 	late ADJ JJ ROOT 	to PART TO aux 	correct VERB VB xcomp 	yourself PRON PRP dobj 	🤗 NOUN NNS npadvmod 	
"
1458435891404357634,I heard my boyfriend praying for me last night when he thought I was sleeping 🥺🥺🥺 Thank you God for sending me this man.,itcouldBRI_,Bri 🖤,78109,6058,2021-11-10 14:06:27+00:00,"I PRON PRP nsubj 	heard VERB VBD ROOT 	my PRON PRP$ poss 	boyfriend NOUN NN nsubj 	praying VERB VBG ccomp 	for ADP IN prep 	me PRON PRP pobj 	last ADJ JJ amod 	night NOUN NN npadvmod 	when SCONJ WRB advmod 	he PRON PRP nsubj 	thought VERB VBD advcl 	I PRON PRP nsubj 	was AUX VBD aux 	sleeping VERB VBG ccomp 	🥺 PROPN NNP nsubj 	🥺 VERB VBZ nmod 	🥺 NOUN NNS nsubj 	Thank VERB VBP ROOT 	you PRON PRP dobj 	God PROPN NNP dobj 	for ADP IN prep 	sending VERB VBG pcomp 	me PRON PRP dative 	this DET DT det 	man NOUN NN dobj 	. PUNCT . punct 	
"
1458521646386581510,Kids not in my financial plan no time soon. I am selfish 😭,damilahzari,Damilah Epps,34551,11072,2021-11-10 19:47:13+00:00,"Kids NOUN NNS ROOT 	not PART RB neg 	in ADP IN prep 	my PRON PRP$ poss 	financial ADJ JJ amod 	plan NOUN NN pobj 	no DET DT det 	time NOUN NN npadvmod 	soon ADV RB advmod 	. PUNCT . punct 	I PRON PRP nsubj 	am AUX VBP ROOT 	selfish ADJ JJ acomp 	😭 PROPN NNP punct 	
"
1458245854805037063,This post said “one thing about me is ima mind my boyfriend business like it’s mine” me af 😂😂😂😂😂😂😂,AllHail_Quonie,Quonie from famu,19414,5143,2021-11-10 01:31:19+00:00,"This DET DT det 	post NOUN NN nsubj 	said VERB VBD ROOT 	“ PUNCT `` punct 	one NUM CD nummod 	thing NOUN NN nsubj 	about ADP IN prep 	me PRON PRP pobj 	is AUX VBZ ccomp 	i PRON PRP nsubj 	m VERB VBP ccomp 	a DET DT det 	mind NOUN NN attr 	my PRON PRP$ poss 	boyfriend NOUN NN compound 	business NOUN NN attr 	like SCONJ IN mark 	it PRON PRP nsubj 	’s VERB VBZ advcl 	mine NOUN NN attr 	” PUNCT '' punct 	me PRON PRP appos 	af INTJ UH compound 	😂 PROPN NNP compound 	😂 PROPN NNP compound 	😂 PROPN NNP compound 	😂 ADJ JJ compound 	😂 ADJ JJ compound 	😂 PROPN NNP compound 	😂 PROPN NNP dobj 	
"
1458866511737667589,Idgaf who watching my Twitter imma still say wtf I want😂,tweetsbykeezy,ᴋᴇᴇᴢʏ 🐐,19916,10835,2021-11-11 18:37:35+00:00,"Idgaf PROPN NNP nsubj 	who PRON WP nsubj 	watching VERB VBG relcl 	my PRON PRP$ poss 	Twitter PROPN NNP compound 	imma PROPN NNP dobj 	still ADV RB advmod 	say VERB VBP ROOT 	wtf PROPN NNP dobj 	I PRON PRP nsubj 	want VERB VBP ccomp 	😂 PROPN NNP dobj 	
"
1460263440182874112,"“Oh my god, she’s insane, she wrote a song about me"" 🤪 #IBetYouThinkAboutMe",taylornation13,Taylor Nation,36209,7072,2021-11-15 15:08:29+00:00,"“ PUNCT `` punct 	Oh INTJ UH intj 	my INTJ UH poss 	god INTJ UH intj 	, PUNCT , punct 	she PRON PRP nsubj 	’s VERB VBZ ccomp 	insane ADJ JJ acomp 	, PUNCT , punct 	she PRON PRP nsubj 	wrote VERB VBD ROOT 	a DET DT det 	song NOUN NN dobj 	about ADP IN prep 	me PRON PRP pobj 	"" PUNCT `` punct 	🤪 PROPN NNP poss 	# SYM $ nmod 	IBetYouThinkAboutMe NOUN NN dobj 	
"
1458100057241161750,Parents be shook when you finally stand up for yourself and don’t let them disrespect you anymore😂,kaikenzoe,Kai Kenzo𓂀,23764,5036,2021-11-09 15:51:58+00:00,"Parents NOUN NNS nsubjpass 	be AUX VB auxpass 	shook VERB VBN ROOT 	when SCONJ WRB advmod 	you PRON PRP nsubj 	finally ADV RB advmod 	stand VERB VBP advcl 	up ADP RP prt 	for ADP IN prep 	yourself PRON PRP pobj 	and CCONJ CC cc 	do AUX VBP aux 	n’t PART RB neg 	let VERB VB conj 	them PRON PRP nsubj 	disrespect VERB VB ccomp 	you PRON PRP dobj 	anymore ADV RB amod 	😂 PROPN NNP npadvmod 	
"
1458791790165868547,It’s weird cuz I’m a introvert but I’m a well liked person that’s good with people. I just don’t like people 😂😂😂😂😂😂😂😂😂 people would see me around people and be like oh he’s a social person. Bruh NO IM NOT 😂,EndlessTorch_,LEONARDO DiTRAPIO,46720,15153,2021-11-11 13:40:40+00:00,"It PRON PRP nsubj 	’s VERB VBZ ROOT 	weird ADJ JJ acomp 	cuz SCONJ IN mark 	I PRON PRP nsubj 	’m VERB VBP advcl 	a DET DT det 	introvert NOUN NN attr 	but CCONJ CC cc 	I PRON PRP nsubj 	’m VERB VBP conj 	a DET DT det 	well ADV RB advmod 	liked VERB VBN amod 	person NOUN NN attr 	that PRON WDT nsubj 	’s VERB VBZ relcl 	good ADJ JJ acomp 	with ADP IN prep 	people NOUN NNS pobj 	. PUNCT . punct 	I PRON PRP nsubj 	just ADV RB advmod 	do AUX VBP aux 	n’t AUX MD neg 	like VERB VB ROOT 	people NOUN NNS dobj 	😂 PROPN NNP compound 	😂 PROPN NNP compound 	😂 PROPN NNP compound 	😂 ADJ JJ compound 	😂 ADJ JJ compound 	😂 ADJ JJ amod 	😂 ADJ JJ nmod 	😂 PROPN NNP compound 	😂 PROPN NNP compound 	people NOUN NNS nsubj 	would AUX MD aux 	see VERB VB ccomp 	me PRON PRP dobj 	around ADP IN prep 	people NOUN NNS pobj 	and CCONJ CC cc 	be AUX VB conj 	like INTJ UH intj 	oh INTJ UH intj 	he PRON PRP nsubj 	’s VERB VBZ ROOT 	a DET DT det 	social ADJ JJ amod 	person NOUN NN attr 	. PUNCT . punct 	Bruh PROPN NNP nsubj 	NO DET DT det 	IM PROPN NNP appos 	NOT PART RB neg 	😂 PROPN NNP ROOT 	
"
1457529674507116544,Ion care how hard life get I’m still gone get a joke in😂,globalzaay,zaay 🖤,42413,13533,2021-11-08 02:05:28+00:00,"Ion NOUN NN nsubj 	care VERB VBP nsubj 	how SCONJ WRB advmod 	hard ADJ JJ amod 	life NOUN NN nsubj 	get VERB VBP ccomp 	I PRON PRP nsubj 	’m VERB VBP nsubj 	still ADV RB advmod 	gone VERB VBN ccomp 	get VERB VB ROOT 	a DET DT det 	joke NOUN NN dobj 	in ADP IN prep 	😂 PROPN NNP pobj 	
"
